{
  "neighbors": 256,
  "bg_size": 256,
  "mu_pos": 0.9240748882293701,
  "sigma_pos": 0.021616794168949127,
  "mu_bg": 0.9105921983718872
}